DNS,1761969897.206045,CqnLyrtq99dMY1QQ2,172.19.80.1,5353,224.0.0.251,5353,udp,0,-,gabilaptop._dosvc._tcp.local,1,C_INTERNET,255,*,0,NOERROR,T,F,F,F,0,gabilaptop._dosvc._tcp.local,0.000000,F
DNS,1761969897.214345,CDTQmS1LhpkmLDEpri,fe80::338e:fc2e:e302:73d0,5353,ff02::fb,5353,udp,0,-,gabilaptop._dosvc._tcp.local,1,C_INTERNET,255,*,0,NOERROR,T,F,F,F,0,gabilaptop._dosvc._tcp.local,0.000000,F
DNS,1761969897.488721,CqnLyrtq99dMY1QQ2,172.19.80.1,5353,224.0.0.251,5353,udp,0,0.550204,gabilaptop._dosvc._tcp.local,1,C_INTERNET,255,*,0,NOERROR,T,F,F,F,0,gabilaptop._dosvc._tcp.local,4500.000000,F
DNS,1761969897.493966,CDTQmS1LhpkmLDEpri,fe80::338e:fc2e:e302:73d0,5353,ff02::fb,5353,udp,0,0.555161,gabilaptop._dosvc._tcp.local,1,C_INTERNET,255,*,0,NOERROR,T,F,F,F,0,gabilaptop._dosvc._tcp.local,4500.000000,F
DNS,1761969897.762334,CqnLyrtq99dMY1QQ2,172.19.80.1,5353,224.0.0.251,5353,udp,0,0.295893,gabilaptop._dosvc._tcp.local,1,C_INTERNET,255,*,0,NOERROR,T,F,F,F,0,gabilaptop.local,120.000000,F
DNS,1761969897.773002,CDTQmS1LhpkmLDEpri,fe80::338e:fc2e:e302:73d0,5353,ff02::fb,5353,udp,0,0.296468,gabilaptop._dosvc._tcp.local,1,C_INTERNET,255,*,0,NOERROR,T,F,F,F,0,gabilaptop.local,120.000000,F
DNS,1761969907.147518,CqnLyrtq99dMY1QQ2,172.19.80.1,5353,224.0.0.251,5353,udp,0,-,_spotify-connect._tcp.local,1,C_INTERNET,12,PTR,-,-,F,F,F,F,0,-,-,F
CONN,1761969897.206045,CqnLyrtq99dMY1QQ2,172.19.80.1,5353,224.0.0.251,5353,udp,dns,9.941473,1105,0,S0,T,T,0,D,7,1301,0,0,-,17
CONN,1761969897.214345,CDTQmS1LhpkmLDEpri,fe80::338e:fc2e:e302:73d0,5353,ff02::fb,5353,udp,dns,9.964056,1105,0,S0,T,F,0,D,7,1441,0,0,-,17
DNS,1761969907.178401,CDTQmS1LhpkmLDEpri,fe80::338e:fc2e:e302:73d0,5353,ff02::fb,5353,udp,0,-,_spotify-connect._tcp.local,1,C_INTERNET,12,PTR,-,-,F,F,F,F,0,-,-,F
CONN,1761969907.386844,CUVkL62M8fDUoHLYTg,172.19.80.1,61243,239.255.255.250,1900,udp,-,-,-,-,S0,T,T,0,D,1,153,0,0,-,17
DNS,1761970018.090731,Cq28dZ2RvgLDIGNPmc,172.19.80.1,5353,224.0.0.251,5353,udp,0,-,gabilaptop._dosvc._tcp.local,1,C_INTERNET,255,*,0,NOERROR,T,F,F,F,0,gabilaptop._dosvc._tcp.local,0.000000,F
DNS,1761970018.105102,CaTWPK3MUDiVCfD1O4,fe80::338e:fc2e:e302:73d0,5353,ff02::fb,5353,udp,0,-,gabilaptop._dosvc._tcp.local,1,C_INTERNET,255,*,0,NOERROR,T,F,F,F,0,gabilaptop._dosvc._tcp.local,0.000000,F
DNS,1761970018.376609,Cq28dZ2RvgLDIGNPmc,172.19.80.1,5353,224.0.0.251,5353,udp,0,0.539455,gabilaptop._dosvc._tcp.local,1,C_INTERNET,255,*,0,NOERROR,T,F,F,F,0,gabilaptop._dosvc._tcp.local,4500.000000,F
DNS,1761970018.388964,CaTWPK3MUDiVCfD1O4,fe80::338e:fc2e:e302:73d0,5353,ff02::fb,5353,udp,0,0.539258,gabilaptop._dosvc._tcp.local,1,C_INTERNET,255,*,0,NOERROR,T,F,F,F,0,gabilaptop._dosvc._tcp.local,4500.000000,F
DNS,1761970018.651147,Cq28dZ2RvgLDIGNPmc,172.19.80.1,5353,224.0.0.251,5353,udp,0,0.285845,gabilaptop._dosvc._tcp.local,1,C_INTERNET,255,*,0,NOERROR,T,F,F,F,0,gabilaptop.local,120.000000,F
DNS,1761970018.657660,CaTWPK3MUDiVCfD1O4,fe80::338e:fc2e:e302:73d0,5353,ff02::fb,5353,udp,0,0.291521,gabilaptop._dosvc._tcp.local,1,C_INTERNET,255,*,0,NOERROR,T,F,F,F,0,gabilaptop.local,120.000000,F
CONN,1761969968.709096,CvRgyRW40fFey9Xyi,172.19.80.1,55743,239.255.255.250,1900,udp,-,3.026438,680,0,S0,T,T,0,D,4,792,0,0,-,17
CONN,1761970018.090731,Cq28dZ2RvgLDIGNPmc,172.19.80.1,5353,224.0.0.251,5353,udp,dns,9.047048,1105,0,S0,T,T,0,D,7,1301,0,0,-,17
DNS,1761970027.137779,Cq28dZ2RvgLDIGNPmc,172.19.80.1,5353,224.0.0.251,5353,udp,0,-,_spotify-connect._tcp.local,1,C_INTERNET,12,PTR,-,-,F,F,F,F,0,-,-,F
DNS,1761970027.158859,CaTWPK3MUDiVCfD1O4,fe80::338e:fc2e:e302:73d0,5353,ff02::fb,5353,udp,0,-,_spotify-connect._tcp.local,1,C_INTERNET,12,PTR,-,-,F,F,F,F,0,-,-,F
CONN,1761970018.105102,CaTWPK3MUDiVCfD1O4,fe80::338e:fc2e:e302:73d0,5353,ff02::fb,5353,udp,dns,9.053757,1105,0,S0,T,F,0,D,7,1441,0,0,-,17
CONN,1761970027.389800,CrvE9P1CKqqjjkmTJc,172.19.80.1,61243,239.255.255.250,1900,udp,-,-,-,-,S0,T,T,0,D,1,153,0,0,-,17
DNS,1761970132.864421,C36lBh1OEwz9PWvuJ5,172.19.80.1,5353,224.0.0.251,5353,udp,0,6.097057,wpad.local,1,C_INTERNET,1,A,0,NOERROR,T,F,F,F,0,gabilaptop._dosvc._tcp.local,0.000000,F
DNS,1761970132.867569,CzO1ut3Q89VPAxeNyh,fe80::338e:fc2e:e302:73d0,5353,ff02::fb,5353,udp,0,6.101258,wpad.local,1,C_INTERNET,1,A,0,NOERROR,T,F,F,F,0,gabilaptop._dosvc._tcp.local,0.000000,F
DNS,1761970132.874373,C36lBh1OEwz9PWvuJ5,172.19.80.1,5353,224.0.0.251,5353,udp,0,6.924847,wpad.local,1,C_INTERNET,28,AAAA,0,NOERROR,T,F,F,F,0,gabilaptop._dosvc._tcp.local,4500.000000,F
DNS,1761970132.878043,CzO1ut3Q89VPAxeNyh,fe80::338e:fc2e:e302:73d0,5353,ff02::fb,5353,udp,0,6.933480,wpad.local,1,C_INTERNET,28,AAAA,0,NOERROR,T,F,F,F,0,gabilaptop._dosvc._tcp.local,4500.000000,F
DNS,1761970132.880425,C36lBh1OEwz9PWvuJ5,172.19.80.1,5353,224.0.0.251,5353,udp,0,6.940775,wpad.local,1,C_INTERNET,1,A,0,NOERROR,T,F,F,F,0,gabilaptop.local,120.000000,F
DNS,1761970132.883651,CzO1ut3Q89VPAxeNyh,fe80::338e:fc2e:e302:73d0,5353,ff02::fb,5353,udp,0,6.948320,wpad.local,1,C_INTERNET,1,A,0,NOERROR,T,F,F,F,0,gabilaptop.local,120.000000,F
CONN,1761970088.726423,CMfpq8xGPtPU9E3oi,172.19.80.1,56321,239.255.255.250,1900,udp,-,3.020302,680,0,S0,T,T,0,D,4,792,0,0,-,17
CONN,1761970132.883947,CiIsN22EZMKV5vyY98,172.19.80.1,137,172.19.95.255,137,udp,dns,1.514157,150,0,S0,T,T,0,D,3,234,0,0,-,17
DNS,1761970132.883947,CiIsN22EZMKV5vyY98,172.19.80.1,137,172.19.95.255,137,udp,45108,-,WPAD,1,C_INTERNET,32,NIMLOC,-,-,F,F,T,F,1,-,-,F
DNS,1761970133.643720,CiIsN22EZMKV5vyY98,172.19.80.1,137,172.19.95.255,137,udp,45108,-,WPAD,1,C_INTERNET,32,NIMLOC,-,-,F,F,T,F,1,-,-,F
DNS,1761970134.398104,CiIsN22EZMKV5vyY98,172.19.80.1,137,172.19.95.255,137,udp,45108,-,WPAD,1,C_INTERNET,32,NIMLOC,-,-,F,F,T,F,1,-,-,F
DNS,1761970132.887481,C36lBh1OEwz9PWvuJ5,172.19.80.1,5353,224.0.0.251,5353,udp,0,-,wpad.local,1,C_INTERNET,28,AAAA,-,-,F,F,F,F,0,-,-,F
CONN,1761970132.864421,C36lBh1OEwz9PWvuJ5,172.19.80.1,5353,224.0.0.251,5353,udp,dns,14.269891,1329,0,S0,T,T,0,D,15,1749,0,0,-,17
CONN,1761970132.867569,CzO1ut3Q89VPAxeNyh,fe80::338e:fc2e:e302:73d0,5353,ff02::fb,5353,udp,dns,14.293506,1329,0,S0,T,F,0,D,15,2049,0,0,-,17
DNS,1761970133.277865,C36lBh1OEwz9PWvuJ5,172.19.80.1,5353,224.0.0.251,5353,udp,0,-,wpad.local,1,C_INTERNET,1,A,-,-,F,F,F,F,0,-,-,F
DNS,1761970133.288790,C36lBh1OEwz9PWvuJ5,172.19.80.1,5353,224.0.0.251,5353,udp,0,-,wpad.local,32769,qclass-32769,28,AAAA,-,-,F,F,F,F,0,-,-,F
DNS,1761970133.297700,C36lBh1OEwz9PWvuJ5,172.19.80.1,5353,224.0.0.251,5353,udp,0,-,wpad.local,1,C_INTERNET,1,A,-,-,F,F,F,F,0,-,-,F
DNS,1761970133.307784,C36lBh1OEwz9PWvuJ5,172.19.80.1,5353,224.0.0.251,5353,udp,0,-,wpad.local,32769,qclass-32769,28,AAAA,-,-,F,F,F,F,0,-,-,F
DNS,1761970138.974283,C36lBh1OEwz9PWvuJ5,172.19.80.1,5353,224.0.0.251,5353,udp,0,-,gabilaptop._dosvc._tcp.local,1,C_INTERNET,255,*,-,-,F,F,F,F,0,-,-,F
DNS,1761970139.244571,C36lBh1OEwz9PWvuJ5,172.19.80.1,5353,224.0.0.251,5353,udp,0,-,gabilaptop._dosvc._tcp.local,1,C_INTERNET,255,*,-,-,F,F,F,F,0,-,-,F
DNS,1761970139.520954,C36lBh1OEwz9PWvuJ5,172.19.80.1,5353,224.0.0.251,5353,udp,0,-,gabilaptop._dosvc._tcp.local,1,C_INTERNET,255,*,-,-,F,F,F,F,0,-,-,F
DNS,1761970147.134312,C36lBh1OEwz9PWvuJ5,172.19.80.1,5353,224.0.0.251,5353,udp,0,-,_spotify-connect._tcp.local,1,C_INTERNET,12,PTR,-,-,F,F,F,F,0,-,-,F
DNS,1761970132.890239,CzO1ut3Q89VPAxeNyh,fe80::338e:fc2e:e302:73d0,5353,ff02::fb,5353,udp,0,-,wpad.local,1,C_INTERNET,28,AAAA,-,-,F,F,F,F,0,-,-,F
DNS,1761970133.280923,CzO1ut3Q89VPAxeNyh,fe80::338e:fc2e:e302:73d0,5353,ff02::fb,5353,udp,0,-,wpad.local,1,C_INTERNET,1,A,-,-,F,F,F,F,0,-,-,F
DNS,1761970133.291596,CzO1ut3Q89VPAxeNyh,fe80::338e:fc2e:e302:73d0,5353,ff02::fb,5353,udp,0,-,wpad.local,32769,qclass-32769,28,AAAA,-,-,F,F,F,F,0,-,-,F
DNS,1761970133.300591,CzO1ut3Q89VPAxeNyh,fe80::338e:fc2e:e302:73d0,5353,ff02::fb,5353,udp,0,-,wpad.local,1,C_INTERNET,1,A,-,-,F,F,F,F,0,-,-,F
DNS,1761970133.310632,CzO1ut3Q89VPAxeNyh,fe80::338e:fc2e:e302:73d0,5353,ff02::fb,5353,udp,0,-,wpad.local,32769,qclass-32769,28,AAAA,-,-,F,F,F,F,0,-,-,F
DNS,1761970138.980571,CzO1ut3Q89VPAxeNyh,fe80::338e:fc2e:e302:73d0,5353,ff02::fb,5353,udp,0,-,gabilaptop._dosvc._tcp.local,1,C_INTERNET,255,*,-,-,F,F,F,F,0,-,-,F
DNS,1761970139.255943,CzO1ut3Q89VPAxeNyh,fe80::338e:fc2e:e302:73d0,5353,ff02::fb,5353,udp,0,-,gabilaptop._dosvc._tcp.local,1,C_INTERNET,255,*,-,-,F,F,F,F,0,-,-,F
DNS,1761970139.528670,CzO1ut3Q89VPAxeNyh,fe80::338e:fc2e:e302:73d0,5353,ff02::fb,5353,udp,0,-,gabilaptop._dosvc._tcp.local,1,C_INTERNET,255,*,-,-,F,F,F,F,0,-,-,F
DNS,1761970147.161075,CzO1ut3Q89VPAxeNyh,fe80::338e:fc2e:e302:73d0,5353,ff02::fb,5353,udp,0,-,_spotify-connect._tcp.local,1,C_INTERNET,12,PTR,-,-,F,F,F,F,0,-,-,F
CONN,1761970147.394065,Cd9K8B1Yw2a4QHAnOi,172.19.80.1,61243,239.255.255.250,1900,udp,-,-,-,-,S0,T,T,0,D,1,153,0,0,-,17
DNS,1761970259.850877,CNEQa22Fg1sr6FkCT8,172.19.80.1,5353,224.0.0.251,5353,udp,0,-,gabilaptop._dosvc._tcp.local,1,C_INTERNET,255,*,0,NOERROR,T,F,F,F,0,gabilaptop._dosvc._tcp.local,0.000000,F
DNS,1761970259.855071,CdKORH2PbCtoiLU414,fe80::338e:fc2e:e302:73d0,5353,ff02::fb,5353,udp,0,-,gabilaptop._dosvc._tcp.local,1,C_INTERNET,255,*,0,NOERROR,T,F,F,F,0,gabilaptop._dosvc._tcp.local,0.000000,F
DNS,1761970260.132445,CNEQa22Fg1sr6FkCT8,172.19.80.1,5353,224.0.0.251,5353,udp,0,0.550496,gabilaptop._dosvc._tcp.local,1,C_INTERNET,255,*,0,NOERROR,T,F,F,F,0,gabilaptop._dosvc._tcp.local,4500.000000,F
DNS,1761970260.144650,CdKORH2PbCtoiLU414,fe80::338e:fc2e:e302:73d0,5353,ff02::fb,5353,udp,0,0.548772,gabilaptop._dosvc._tcp.local,1,C_INTERNET,255,*,0,NOERROR,T,F,F,F,0,gabilaptop._dosvc._tcp.local,4500.000000,F
DNS,1761970260.406410,CNEQa22Fg1sr6FkCT8,172.19.80.1,5353,224.0.0.251,5353,udp,0,0.295626,gabilaptop._dosvc._tcp.local,1,C_INTERNET,255,*,0,NOERROR,T,F,F,F,0,gabilaptop.local,120.000000,F
DNS,1761970260.418183,CdKORH2PbCtoiLU414,fe80::338e:fc2e:e302:73d0,5353,ff02::fb,5353,udp,0,0.295739,gabilaptop._dosvc._tcp.local,1,C_INTERNET,255,*,0,NOERROR,T,F,F,F,0,gabilaptop.local,120.000000,F
CONN,1761970208.718299,Cv3bZN2X436X14kPv8,172.19.80.1,59921,239.255.255.250,1900,udp,-,3.035241,680,0,S0,T,T,0,D,4,792,0,0,-,17
CONN,1761970259.850877,CNEQa22Fg1sr6FkCT8,172.19.80.1,5353,224.0.0.251,5353,udp,dns,7.273844,1105,0,S0,T,T,0,D,7,1301,0,0,-,17
DNS,1761970267.124721,CNEQa22Fg1sr6FkCT8,172.19.80.1,5353,224.0.0.251,5353,udp,0,-,_spotify-connect._tcp.local,1,C_INTERNET,12,PTR,-,-,F,F,F,F,0,-,-,F
DNS,1761970267.133482,CdKORH2PbCtoiLU414,fe80::338e:fc2e:e302:73d0,5353,ff02::fb,5353,udp,0,-,_spotify-connect._tcp.local,1,C_INTERNET,12,PTR,-,-,F,F,F,F,0,-,-,F
CONN,1761970259.855071,CdKORH2PbCtoiLU414,fe80::338e:fc2e:e302:73d0,5353,ff02::fb,5353,udp,dns,7.278411,1105,0,S0,T,F,0,D,7,1441,0,0,-,17
CONN,1761970267.395736,Cl2plX17aiS9YE4HE4,172.19.80.1,61243,239.255.255.250,1900,udp,-,-,-,-,S0,T,T,0,D,1,153,0,0,-,17
DNS,1761970380.724509,C5SeIs4NUhANr43av7,172.19.80.1,5353,224.0.0.251,5353,udp,0,-,gabilaptop._dosvc._tcp.local,1,C_INTERNET,255,*,0,NOERROR,T,F,F,F,0,gabilaptop._dosvc._tcp.local,0.000000,F
DNS,1761970380.737381,Ckgiwt3ERMPpl9uIDl,fe80::338e:fc2e:e302:73d0,5353,ff02::fb,5353,udp,0,-,gabilaptop._dosvc._tcp.local,1,C_INTERNET,255,*,0,NOERROR,T,F,F,F,0,gabilaptop._dosvc._tcp.local,0.000000,F
DNS,1761970381.014373,C5SeIs4NUhANr43av7,172.19.80.1,5353,224.0.0.251,5353,udp,0,0.531809,gabilaptop._dosvc._tcp.local,1,C_INTERNET,255,*,0,NOERROR,T,F,F,F,0,gabilaptop._dosvc._tcp.local,4500.000000,F
DNS,1761970381.025308,Ckgiwt3ERMPpl9uIDl,fe80::338e:fc2e:e302:73d0,5353,ff02::fb,5353,udp,0,0.531458,gabilaptop._dosvc._tcp.local,1,C_INTERNET,255,*,0,NOERROR,T,F,F,F,0,gabilaptop._dosvc._tcp.local,4500.000000,F
DNS,1761970381.274858,C5SeIs4NUhANr43av7,172.19.80.1,5353,224.0.0.251,5353,udp,0,0.290224,gabilaptop._dosvc._tcp.local,1,C_INTERNET,255,*,0,NOERROR,T,F,F,F,0,gabilaptop.local,120.000000,F
DNS,1761970381.278002,Ckgiwt3ERMPpl9uIDl,fe80::338e:fc2e:e302:73d0,5353,ff02::fb,5353,udp,0,0.298489,gabilaptop._dosvc._tcp.local,1,C_INTERNET,255,*,0,NOERROR,T,F,F,F,0,gabilaptop.local,120.000000,F
CONN,1761970328.720828,C0Xc6U2yZYiorBdMn5,172.19.80.1,60914,239.255.255.250,1900,udp,-,3.015726,680,0,S0,T,T,0,D,4,792,0,0,-,17
DNS,1761970387.128047,C5SeIs4NUhANr43av7,172.19.80.1,5353,224.0.0.251,5353,udp,0,-,_spotify-connect._tcp.local,1,C_INTERNET,12,PTR,-,-,F,F,F,F,0,-,-,F
DNS,1761970387.135997,Ckgiwt3ERMPpl9uIDl,fe80::338e:fc2e:e302:73d0,5353,ff02::fb,5353,udp,0,-,_spotify-connect._tcp.local,1,C_INTERNET,12,PTR,-,-,F,F,F,F,0,-,-,F
CONN,1761970380.724509,C5SeIs4NUhANr43av7,172.19.80.1,5353,224.0.0.251,5353,udp,dns,6.403538,1105,0,S0,T,T,0,D,7,1301,0,0,-,17
CONN,1761970380.737381,Ckgiwt3ERMPpl9uIDl,fe80::338e:fc2e:e302:73d0,5353,ff02::fb,5353,udp,dns,6.398616,1105,0,S0,T,F,0,D,7,1441,0,0,-,17
CONN,1761970387.397315,CcGtbH1nUr9StsODm1,172.19.80.1,61243,239.255.255.250,1900,udp,-,-,-,-,S0,T,T,0,D,1,153,0,0,-,17
DNS,1761970501.587698,CNTXac4MMRyq9T6tL1,172.19.80.1,5353,224.0.0.251,5353,udp,0,-,gabilaptop._dosvc._tcp.local,1,C_INTERNET,255,*,0,NOERROR,T,F,F,F,0,gabilaptop._dosvc._tcp.local,0.000000,F
DNS,1761970501.599970,CsJP1i16YjIIAS3Jm8,fe80::338e:fc2e:e302:73d0,5353,ff02::fb,5353,udp,0,-,gabilaptop._dosvc._tcp.local,1,C_INTERNET,255,*,0,NOERROR,T,F,F,F,0,gabilaptop._dosvc._tcp.local,0.000000,F
DNS,1761970501.886008,CNTXac4MMRyq9T6tL1,172.19.80.1,5353,224.0.0.251,5353,udp,0,0.554785,gabilaptop._dosvc._tcp.local,1,C_INTERNET,255,*,0,NOERROR,T,F,F,F,0,gabilaptop._dosvc._tcp.local,4500.000000,F
DNS,1761970501.891635,CsJP1i16YjIIAS3Jm8,fe80::338e:fc2e:e302:73d0,5353,ff02::fb,5353,udp,0,0.561891,gabilaptop._dosvc._tcp.local,1,C_INTERNET,255,*,0,NOERROR,T,F,F,F,0,gabilaptop._dosvc._tcp.local,4500.000000,F
DNS,1761970502.161967,CNTXac4MMRyq9T6tL1,172.19.80.1,5353,224.0.0.251,5353,udp,0,0.300729,gabilaptop._dosvc._tcp.local,1,C_INTERNET,255,*,0,NOERROR,T,F,F,F,0,gabilaptop.local,120.000000,F
DNS,1761970502.173764,CsJP1i16YjIIAS3Jm8,fe80::338e:fc2e:e302:73d0,5353,ff02::fb,5353,udp,0,0.301489,gabilaptop._dosvc._tcp.local,1,C_INTERNET,255,*,0,NOERROR,T,F,F,F,0,gabilaptop.local,120.000000,F
CONN,1761970448.734725,ClWynP3funPevcnEHh,172.19.80.1,55198,239.255.255.250,1900,udp,-,3.011546,680,0,S0,T,T,0,D,4,792,0,0,-,17
DNS,1761970507.121848,CNTXac4MMRyq9T6tL1,172.19.80.1,5353,224.0.0.251,5353,udp,0,-,_spotify-connect._tcp.local,1,C_INTERNET,12,PTR,-,-,F,F,F,F,0,-,-,F
DNS,1761970507.136350,CsJP1i16YjIIAS3Jm8,fe80::338e:fc2e:e302:73d0,5353,ff02::fb,5353,udp,0,-,_spotify-connect._tcp.local,1,C_INTERNET,12,PTR,-,-,F,F,F,F,0,-,-,F
CONN,1761970501.587698,CNTXac4MMRyq9T6tL1,172.19.80.1,5353,224.0.0.251,5353,udp,dns,5.534150,1105,0,S0,T,T,0,D,7,1301,0,0,-,17
CONN,1761970501.599970,CsJP1i16YjIIAS3Jm8,fe80::338e:fc2e:e302:73d0,5353,ff02::fb,5353,udp,dns,5.536380,1105,0,S0,T,F,0,D,7,1441,0,0,-,17
CONN,1761970528.169905,CwYHHU0o5KAYdmM0b,172.19.81.73,48322,13.107.5.93,443,tcp,-,-,-,-,OTH,T,F,0,C,0,0,0,0,-,6
CONN,1761970528.329841,CZ0ASa47cijrRBVnXe,172.19.81.73,48334,13.107.5.93,443,tcp,-,-,-,-,OTH,T,F,0,C,0,0,0,0,-,6
CONN,1761970528.362351,CBfSrj4gACGnmo4M35,172.19.81.73,48346,13.107.5.93,443,tcp,-,-,-,-,OTH,T,F,0,C,0,0,0,0,-,6
CONN,1761970529.203965,CQ0e1t42nhFKFwET04,172.19.81.73,48360,13.107.5.93,443,tcp,-,-,-,-,OTH,T,F,0,C,0,0,0,0,-,6
CONN,1761970530.227874,C2DWgj36IzCddzeLsa,172.19.81.73,48376,13.107.5.93,443,tcp,-,-,-,-,OTH,T,F,0,C,0,0,0,0,-,6
CONN,1761970479.990248,CHwjac2lVD7xqXZwb1,172.19.80.1,138,172.19.95.255,138,udp,-,-,-,-,S0,T,T,0,D,1,229,0,0,-,17
CONN,1761970507.403320,CGP73c1jq5gcVLHwn7,172.19.80.1,61243,239.255.255.250,1900,udp,-,-,-,-,S0,T,T,0,D,1,153,0,0,-,17
DNS,1761970622.479960,CbO7Dz2dEC0JLCg9t3,172.19.80.1,5353,224.0.0.251,5353,udp,0,-,gabilaptop._dosvc._tcp.local,1,C_INTERNET,255,*,0,NOERROR,T,F,F,F,0,gabilaptop._dosvc._tcp.local,0.000000,F
DNS,1761970622.485682,Cruw2627tQEKAgp65k,fe80::338e:fc2e:e302:73d0,5353,ff02::fb,5353,udp,0,-,gabilaptop._dosvc._tcp.local,1,C_INTERNET,255,*,0,NOERROR,T,F,F,F,0,gabilaptop._dosvc._tcp.local,0.000000,F
DNS,1761970622.760615,CbO7Dz2dEC0JLCg9t3,172.19.80.1,5353,224.0.0.251,5353,udp,0,0.569040,gabilaptop._dosvc._tcp.local,1,C_INTERNET,255,*,0,NOERROR,T,F,F,F,0,gabilaptop._dosvc._tcp.local,4500.000000,F
DNS,1761970622.772231,Cruw2627tQEKAgp65k,fe80::338e:fc2e:e302:73d0,5353,ff02::fb,5353,udp,0,0.570259,gabilaptop._dosvc._tcp.local,1,C_INTERNET,255,*,0,NOERROR,T,F,F,F,0,gabilaptop._dosvc._tcp.local,4500.000000,F
DNS,1761970623.037769,CbO7Dz2dEC0JLCg9t3,172.19.80.1,5353,224.0.0.251,5353,udp,0,0.319910,gabilaptop._dosvc._tcp.local,1,C_INTERNET,255,*,0,NOERROR,T,F,F,F,0,gabilaptop.local,120.000000,F
DNS,1761970623.051654,Cruw2627tQEKAgp65k,fe80::338e:fc2e:e302:73d0,5353,ff02::fb,5353,udp,0,0.313189,gabilaptop._dosvc._tcp.local,1,C_INTERNET,255,*,0,NOERROR,T,F,F,F,0,gabilaptop.local,120.000000,F
CONN,1761970568.736347,CE3EpIKhN1hWpPudf,172.19.80.1,57951,239.255.255.250,1900,udp,-,3.017844,680,0,S0,T,T,0,D,4,792,0,0,-,17
DNS,1761970627.119826,CbO7Dz2dEC0JLCg9t3,172.19.80.1,5353,224.0.0.251,5353,udp,0,-,_spotify-connect._tcp.local,1,C_INTERNET,12,PTR,-,-,F,F,F,F,0,-,-,F
DNS,1761970627.129160,Cruw2627tQEKAgp65k,fe80::338e:fc2e:e302:73d0,5353,ff02::fb,5353,udp,0,-,_spotify-connect._tcp.local,1,C_INTERNET,12,PTR,-,-,F,F,F,F,0,-,-,F
CONN,1761970622.479960,CbO7Dz2dEC0JLCg9t3,172.19.80.1,5353,224.0.0.251,5353,udp,dns,4.639866,1105,0,S0,T,T,0,D,7,1301,0,0,-,17
CONN,1761970622.485682,Cruw2627tQEKAgp65k,fe80::338e:fc2e:e302:73d0,5353,ff02::fb,5353,udp,dns,4.643478,1105,0,S0,T,F,0,D,7,1441,0,0,-,17
CONN,1761970627.408276,CwQgGX2WatuF9BYmda,172.19.80.1,61243,239.255.255.250,1900,udp,-,-,-,-,S0,T,T,0,D,1,153,0,0,-,17
DNS,1761970735.580538,C60DnICkK85HM3k81,172.19.80.1,5353,224.0.0.251,5353,udp,0,7.798063,wpad.local,1,C_INTERNET,1,A,0,NOERROR,T,F,F,F,0,gabilaptop._dosvc._tcp.local,0.000000,F
DNS,1761970735.585283,CMkrYo4WXSrW6fYMra,fe80::338e:fc2e:e302:73d0,5353,ff02::fb,5353,udp,0,7.806035,wpad.local,1,C_INTERNET,1,A,0,NOERROR,T,F,F,F,0,gabilaptop._dosvc._tcp.local,0.000000,F
DNS,1761970735.590572,C60DnICkK85HM3k81,172.19.80.1,5353,224.0.0.251,5353,udp,0,8.633090,wpad.local,1,C_INTERNET,28,AAAA,0,NOERROR,T,F,F,F,0,gabilaptop._dosvc._tcp.local,4500.000000,F
DNS,1761970735.593662,CMkrYo4WXSrW6fYMra,fe80::338e:fc2e:e302:73d0,5353,ff02::fb,5353,udp,0,8.642296,wpad.local,1,C_INTERNET,28,AAAA,0,NOERROR,T,F,F,F,0,gabilaptop._dosvc._tcp.local,4500.000000,F
DNS,1761970735.596828,C60DnICkK85HM3k81,172.19.80.1,5353,224.0.0.251,5353,udp,0,8.648607,wpad.local,1,C_INTERNET,1,A,0,NOERROR,T,F,F,F,0,gabilaptop.local,120.000000,F
DNS,1761970735.600915,CMkrYo4WXSrW6fYMra,fe80::338e:fc2e:e302:73d0,5353,ff02::fb,5353,udp,0,8.656711,wpad.local,1,C_INTERNET,1,A,0,NOERROR,T,F,F,F,0,gabilaptop.local,120.000000,F
CONN,1761970688.736690,CGOek03OEH62vWcDn7,172.19.80.1,64694,239.255.255.250,1900,udp,-,3.023618,680,0,S0,T,T,0,D,4,792,0,0,-,17
CONN,1761970735.600308,CYq6Sk2Fi1u84DTxE2,172.19.80.1,137,172.19.95.255,137,udp,dns,1.515820,150,0,S0,T,T,0,D,3,234,0,0,-,17
DNS,1761970735.600308,CYq6Sk2Fi1u84DTxE2,172.19.80.1,137,172.19.95.255,137,udp,45119,-,WPAD,1,C_INTERNET,32,NIMLOC,-,-,F,F,T,F,1,-,-,F
DNS,1761970736.356393,CYq6Sk2Fi1u84DTxE2,172.19.80.1,137,172.19.95.255,137,udp,45119,-,WPAD,1,C_INTERNET,32,NIMLOC,-,-,F,F,T,F,1,-,-,F
DNS,1761970737.116128,CYq6Sk2Fi1u84DTxE2,172.19.80.1,137,172.19.95.255,137,udp,45119,-,WPAD,1,C_INTERNET,32,NIMLOC,-,-,F,F,T,F,1,-,-,F
DNS,1761970735.604353,C60DnICkK85HM3k81,172.19.80.1,5353,224.0.0.251,5353,udp,0,-,wpad.local,1,C_INTERNET,28,AAAA,-,-,F,F,F,F,0,-,-,F
CONN,1761970735.580538,C60DnICkK85HM3k81,172.19.80.1,5353,224.0.0.251,5353,udp,dns,11.538442,1329,0,S0,T,T,0,D,15,1749,0,0,-,17
CONN,1761970735.585283,CMkrYo4WXSrW6fYMra,fe80::338e:fc2e:e302:73d0,5353,ff02::fb,5353,udp,dns,11.544312,1329,0,S0,T,F,0,D,15,2049,0,0,-,17
DNS,1761970736.009156,C60DnICkK85HM3k81,172.19.80.1,5353,224.0.0.251,5353,udp,0,-,wpad.local,1,C_INTERNET,1,A,-,-,F,F,F,F,0,-,-,F
DNS,1761970736.023858,C60DnICkK85HM3k81,172.19.80.1,5353,224.0.0.251,5353,udp,0,-,wpad.local,32769,qclass-32769,28,AAAA,-,-,F,F,F,F,0,-,-,F
DNS,1761970736.041292,C60DnICkK85HM3k81,172.19.80.1,5353,224.0.0.251,5353,udp,0,-,wpad.local,32769,qclass-32769,28,AAAA,-,-,F,F,F,F,0,-,-,F
DNS,1761970736.059311,C60DnICkK85HM3k81,172.19.80.1,5353,224.0.0.251,5353,udp,0,-,wpad.local,1,C_INTERNET,1,A,-,-,F,F,F,F,0,-,-,F
DNS,1761970743.401602,C60DnICkK85HM3k81,172.19.80.1,5353,224.0.0.251,5353,udp,0,-,gabilaptop._dosvc._tcp.local,1,C_INTERNET,255,*,-,-,F,F,F,F,0,-,-,F
DNS,1761970743.679948,C60DnICkK85HM3k81,172.19.80.1,5353,224.0.0.251,5353,udp,0,-,gabilaptop._dosvc._tcp.local,1,C_INTERNET,255,*,-,-,F,F,F,F,0,-,-,F
DNS,1761970743.949956,C60DnICkK85HM3k81,172.19.80.1,5353,224.0.0.251,5353,udp,0,-,gabilaptop._dosvc._tcp.local,1,C_INTERNET,255,*,-,-,F,F,F,F,0,-,-,F
DNS,1761970747.118980,C60DnICkK85HM3k81,172.19.80.1,5353,224.0.0.251,5353,udp,0,-,_spotify-connect._tcp.local,1,C_INTERNET,12,PTR,-,-,F,F,F,F,0,-,-,F
DNS,1761970735.607305,CMkrYo4WXSrW6fYMra,fe80::338e:fc2e:e302:73d0,5353,ff02::fb,5353,udp,0,-,wpad.local,1,C_INTERNET,28,AAAA,-,-,F,F,F,F,0,-,-,F
DNS,1761970736.016043,CMkrYo4WXSrW6fYMra,fe80::338e:fc2e:e302:73d0,5353,ff02::fb,5353,udp,0,-,wpad.local,1,C_INTERNET,1,A,-,-,F,F,F,F,0,-,-,F
DNS,1761970736.033521,CMkrYo4WXSrW6fYMra,fe80::338e:fc2e:e302:73d0,5353,ff02::fb,5353,udp,0,-,wpad.local,32769,qclass-32769,28,AAAA,-,-,F,F,F,F,0,-,-,F
DNS,1761970736.050244,CMkrYo4WXSrW6fYMra,fe80::338e:fc2e:e302:73d0,5353,ff02::fb,5353,udp,0,-,wpad.local,32769,qclass-32769,28,AAAA,-,-,F,F,F,F,0,-,-,F
DNS,1761970736.067526,CMkrYo4WXSrW6fYMra,fe80::338e:fc2e:e302:73d0,5353,ff02::fb,5353,udp,0,-,wpad.local,1,C_INTERNET,1,A,-,-,F,F,F,F,0,-,-,F
DNS,1761970743.413942,CMkrYo4WXSrW6fYMra,fe80::338e:fc2e:e302:73d0,5353,ff02::fb,5353,udp,0,-,gabilaptop._dosvc._tcp.local,1,C_INTERNET,255,*,-,-,F,F,F,F,0,-,-,F
DNS,1761970743.691878,CMkrYo4WXSrW6fYMra,fe80::338e:fc2e:e302:73d0,5353,ff02::fb,5353,udp,0,-,gabilaptop._dosvc._tcp.local,1,C_INTERNET,255,*,-,-,F,F,F,F,0,-,-,F
DNS,1761970743.957176,CMkrYo4WXSrW6fYMra,fe80::338e:fc2e:e302:73d0,5353,ff02::fb,5353,udp,0,-,gabilaptop._dosvc._tcp.local,1,C_INTERNET,255,*,-,-,F,F,F,F,0,-,-,F
DNS,1761970747.129595,CMkrYo4WXSrW6fYMra,fe80::338e:fc2e:e302:73d0,5353,ff02::fb,5353,udp,0,-,_spotify-connect._tcp.local,1,C_INTERNET,12,PTR,-,-,F,F,F,F,0,-,-,F
CONN,1761970747.404959,Ci4t9H2clhW89KGM1j,172.19.80.1,61243,239.255.255.250,1900,udp,-,-,-,-,S0,T,T,0,D,1,153,0,0,-,17
CONN,1761970528.363811,CWQijA3Gcm0OhZxU4c,172.19.81.73,48334,13.107.5.93,443,tcp,-,0.187076,0,2255,SHR,T,F,0,^hCadcf,0,0,10,1185,-,6
CONN,1761970529.238392,CiHiXt4pwZ1syhb52k,172.19.81.73,48360,13.107.5.93,443,tcp,-,0.173114,0,6517,SHR,T,F,0,^hCadcf,0,0,10,1251,-,6
CONN,1761970528.213357,Cq522zRK6k9Jn5zOb,172.19.81.73,48322,13.107.5.93,443,tcp,-,4.288329,0,6907,SHR,T,F,0,^hCadcfA,1,40,10,2075,-,6
CONN,1761970528.401919,C4tLTq4jdCzQ177un5,172.19.81.73,48346,13.107.5.93,443,tcp,-,4.188913,0,6906,SHR,T,F,0,^hCadcfA,1,40,9,1605,-,6
CONN,1761970530.264003,CKPIgQ1EWqy1pEqTkh,172.19.81.73,48376,13.107.5.93,443,tcp,-,4.176000,0,6907,SHR,T,F,0,^hCadcfA,1,40,10,2075,-,6
DNS,1761970864.268845,CWRGQo4jqKAjlvsUnc,172.19.80.1,5353,224.0.0.251,5353,udp,0,-,gabilaptop._dosvc._tcp.local,1,C_INTERNET,255,*,0,NOERROR,T,F,F,F,0,gabilaptop._dosvc._tcp.local,0.000000,F
DNS,1761970864.279588,CQWo2Z2TUNiPt6zs3,fe80::338e:fc2e:e302:73d0,5353,ff02::fb,5353,udp,0,-,gabilaptop._dosvc._tcp.local,1,C_INTERNET,255,*,0,NOERROR,T,F,F,F,0,gabilaptop._dosvc._tcp.local,0.000000,F
DNS,1761970864.558165,CWRGQo4jqKAjlvsUnc,172.19.80.1,5353,224.0.0.251,5353,udp,0,0.545682,gabilaptop._dosvc._tcp.local,1,C_INTERNET,255,*,0,NOERROR,T,F,F,F,0,gabilaptop._dosvc._tcp.local,4500.000000,F
DNS,1761970864.569657,CQWo2Z2TUNiPt6zs3,fe80::338e:fc2e:e302:73d0,5353,ff02::fb,5353,udp,0,0.544515,gabilaptop._dosvc._tcp.local,1,C_INTERNET,255,*,0,NOERROR,T,F,F,F,0,gabilaptop._dosvc._tcp.local,4500.000000,F
DNS,1761970864.830214,CWRGQo4jqKAjlvsUnc,172.19.80.1,5353,224.0.0.251,5353,udp,0,0.293119,gabilaptop._dosvc._tcp.local,1,C_INTERNET,255,*,0,NOERROR,T,F,F,F,0,gabilaptop.local,120.000000,F
DNS,1761970864.839978,CQWo2Z2TUNiPt6zs3,fe80::338e:fc2e:e302:73d0,5353,ff02::fb,5353,udp,0,0.295260,gabilaptop._dosvc._tcp.local,1,C_INTERNET,255,*,0,NOERROR,T,F,F,F,0,gabilaptop.local,120.000000,F
CONN,1761970808.749677,Cdxuo02Uu6lxL85XN4,172.19.80.1,53797,239.255.255.250,1900,udp,-,3.022151,680,0,S0,T,T,0,D,4,792,0,0,-,17
DNS,1761970867.123499,CWRGQo4jqKAjlvsUnc,172.19.80.1,5353,224.0.0.251,5353,udp,0,-,_spotify-connect._tcp.local,1,C_INTERNET,12,PTR,-,-,F,F,F,F,0,-,-,F
CONN,1761970864.268845,CWRGQo4jqKAjlvsUnc,172.19.80.1,5353,224.0.0.251,5353,udp,dns,2.854654,1105,0,S0,T,T,0,D,7,1301,0,0,-,17
CONN,1761970864.279588,CQWo2Z2TUNiPt6zs3,fe80::338e:fc2e:e302:73d0,5353,ff02::fb,5353,udp,dns,2.851223,1105,0,S0,T,F,0,D,7,1441,0,0,-,17
DNS,1761970867.130811,CQWo2Z2TUNiPt6zs3,fe80::338e:fc2e:e302:73d0,5353,ff02::fb,5353,udp,0,-,_spotify-connect._tcp.local,1,C_INTERNET,12,PTR,-,-,F,F,F,F,0,-,-,F
DNS,1761970897.906348,CdMVD51l8w8PFadcd3,172.19.80.1,5353,224.0.0.251,5353,udp,0,-,_sleep-proxy._udp.local,1,C_INTERNET,12,PTR,-,-,F,F,F,F,0,-,-,F
CONN,1761970897.906348,CdMVD51l8w8PFadcd3,172.19.80.1,5353,224.0.0.251,5353,udp,dns,-,-,-,S0,T,T,0,D,1,126,0,0,-,17
CONN,1761970867.406649,Cth4yb4yEUr3Ltt0qi,172.19.80.1,61243,239.255.255.250,1900,udp,-,-,-,-,S0,T,T,0,D,1,153,0,0,-,17
DNS,1761970985.141616,ClkwhcbUfR8jSZmWl,172.19.80.1,5353,224.0.0.251,5353,udp,0,-,gabilaptop._dosvc._tcp.local,1,C_INTERNET,255,*,0,NOERROR,T,F,F,F,0,gabilaptop._dosvc._tcp.local,0.000000,F
DNS,1761970985.147745,C2FpOH1ti6yeyIA154,fe80::338e:fc2e:e302:73d0,5353,ff02::fb,5353,udp,0,-,gabilaptop._dosvc._tcp.local,1,C_INTERNET,255,*,0,NOERROR,T,F,F,F,0,gabilaptop._dosvc._tcp.local,0.000000,F
DNS,1761970985.431092,ClkwhcbUfR8jSZmWl,172.19.80.1,5353,224.0.0.251,5353,udp,0,0.555880,gabilaptop._dosvc._tcp.local,1,C_INTERNET,255,*,0,NOERROR,T,F,F,F,0,gabilaptop._dosvc._tcp.local,4500.000000,F
DNS,1761970985.444002,C2FpOH1ti6yeyIA154,fe80::338e:fc2e:e302:73d0,5353,ff02::fb,5353,udp,0,0.553106,gabilaptop._dosvc._tcp.local,1,C_INTERNET,255,*,0,NOERROR,T,F,F,F,0,gabilaptop._dosvc._tcp.local,4500.000000,F
DNS,1761970985.708645,ClkwhcbUfR8jSZmWl,172.19.80.1,5353,224.0.0.251,5353,udp,0,0.298825,gabilaptop._dosvc._tcp.local,1,C_INTERNET,255,*,0,NOERROR,T,F,F,F,0,gabilaptop.local,120.000000,F
DNS,1761970985.721036,C2FpOH1ti6yeyIA154,fe80::338e:fc2e:e302:73d0,5353,ff02::fb,5353,udp,0,0.297884,gabilaptop._dosvc._tcp.local,1,C_INTERNET,255,*,0,NOERROR,T,F,F,F,0,gabilaptop.local,120.000000,F
CONN,1761970928.753347,C3lLIQ2F0Ri7rD7Us6,172.19.80.1,64812,239.255.255.250,1900,udp,-,3.019905,680,0,S0,T,T,0,D,4,792,0,0,-,17
DNS,1761970987.226847,ClkwhcbUfR8jSZmWl,172.19.80.1,5353,224.0.0.251,5353,udp,0,-,_spotify-connect._tcp.local,1,C_INTERNET,12,PTR,-,-,F,F,F,F,0,-,-,F
CONN,1761970985.141616,ClkwhcbUfR8jSZmWl,172.19.80.1,5353,224.0.0.251,5353,udp,dns,2.085231,1105,0,S0,T,T,0,D,7,1301,0,0,-,17
CONN,1761970985.147745,C2FpOH1ti6yeyIA154,fe80::338e:fc2e:e302:73d0,5353,ff02::fb,5353,udp,dns,2.087088,1105,0,S0,T,F,0,D,7,1441,0,0,-,17
DNS,1761970987.234833,C2FpOH1ti6yeyIA154,fe80::338e:fc2e:e302:73d0,5353,ff02::fb,5353,udp,0,-,_spotify-connect._tcp.local,1,C_INTERNET,12,PTR,-,-,F,F,F,F,0,-,-,F
CONN,1761970987.409851,COgyHm1T0iCmRgJ6Pe,172.19.80.1,61243,239.255.255.250,1900,udp,-,-,-,-,S0,T,T,0,D,1,153,0,0,-,17
DNS,1761971106.033217,CEgvFX1dZ3EsVxKJ25,172.19.80.1,5353,224.0.0.251,5353,udp,0,-,gabilaptop._dosvc._tcp.local,1,C_INTERNET,255,*,0,NOERROR,T,F,F,F,0,gabilaptop._dosvc._tcp.local,0.000000,F
DNS,1761971106.046306,C0fOEZ2Oov531qPmv1,fe80::338e:fc2e:e302:73d0,5353,ff02::fb,5353,udp,0,-,gabilaptop._dosvc._tcp.local,1,C_INTERNET,255,*,0,NOERROR,T,F,F,F,0,gabilaptop._dosvc._tcp.local,0.000000,F
DNS,1761971106.332748,CEgvFX1dZ3EsVxKJ25,172.19.80.1,5353,224.0.0.251,5353,udp,0,0.549841,gabilaptop._dosvc._tcp.local,1,C_INTERNET,255,*,0,NOERROR,T,F,F,F,0,gabilaptop._dosvc._tcp.local,4500.000000,F
DNS,1761971106.344803,C0fOEZ2Oov531qPmv1,fe80::338e:fc2e:e302:73d0,5353,ff02::fb,5353,udp,0,0.550019,gabilaptop._dosvc._tcp.local,1,C_INTERNET,255,*,0,NOERROR,T,F,F,F,0,gabilaptop._dosvc._tcp.local,4500.000000,F
DNS,1761971106.605539,CEgvFX1dZ3EsVxKJ25,172.19.80.1,5353,224.0.0.251,5353,udp,0,0.298740,gabilaptop._dosvc._tcp.local,1,C_INTERNET,255,*,0,NOERROR,T,F,F,F,0,gabilaptop.local,120.000000,F
DNS,1761971106.618135,C0fOEZ2Oov531qPmv1,fe80::338e:fc2e:e302:73d0,5353,ff02::fb,5353,udp,0,0.298098,gabilaptop._dosvc._tcp.local,1,C_INTERNET,255,*,0,NOERROR,T,F,F,F,0,gabilaptop.local,120.000000,F
CONN,1761971048.751335,C5OZskkXDI9ioGrb6,172.19.80.1,51306,239.255.255.250,1900,udp,-,3.012967,680,0,S0,T,T,0,D,4,792,0,0,-,17
CONN,1761971106.033217,CEgvFX1dZ3EsVxKJ25,172.19.80.1,5353,224.0.0.251,5353,udp,dns,1.077748,1105,0,S0,T,T,0,D,7,1301,0,0,-,17
CONN,1761971106.046306,C0fOEZ2Oov531qPmv1,fe80::338e:fc2e:e302:73d0,5353,ff02::fb,5353,udp,dns,1.072375,1105,0,S0,T,F,0,D,7,1441,0,0,-,17
DNS,1761971107.110965,CEgvFX1dZ3EsVxKJ25,172.19.80.1,5353,224.0.0.251,5353,udp,0,-,_spotify-connect._tcp.local,1,C_INTERNET,12,PTR,-,-,F,F,F,F,0,-,-,F
DNS,1761971107.118681,C0fOEZ2Oov531qPmv1,fe80::338e:fc2e:e302:73d0,5353,ff02::fb,5353,udp,0,-,_spotify-connect._tcp.local,1,C_INTERNET,12,PTR,-,-,F,F,F,F,0,-,-,F
CONN,1761971107.412695,CIKgv3zkMtSC5zmWb,172.19.80.1,61243,239.255.255.250,1900,udp,-,-,-,-,S0,T,T,0,D,1,153,0,0,-,17
DNS,1761971226.935178,C4qtQi1HwK3SQktZ7f,172.19.80.1,5353,224.0.0.251,5353,udp,0,-,gabilaptop._dosvc._tcp.local,1,C_INTERNET,255,*,0,NOERROR,T,F,F,F,0,gabilaptop._dosvc._tcp.local,0.000000,F
DNS,1761971226.948439,CVQjY218i2qYEIdaF6,fe80::338e:fc2e:e302:73d0,5353,ff02::fb,5353,udp,0,-,gabilaptop._dosvc._tcp.local,1,C_INTERNET,255,*,0,NOERROR,T,F,F,F,0,gabilaptop._dosvc._tcp.local,0.000000,F
DNS,1761971227.124642,C4qtQi1HwK3SQktZ7f,172.19.80.1,5353,224.0.0.251,5353,udp,0,0.639703,_spotify-connect._tcp.local,1,C_INTERNET,12,PTR,0,NOERROR,T,F,F,F,0,gabilaptop._dosvc._tcp.local,4500.000000,F
DNS,1761971227.153909,CVQjY218i2qYEIdaF6,fe80::338e:fc2e:e302:73d0,5353,ff02::fb,5353,udp,0,0.620604,_spotify-connect._tcp.local,1,C_INTERNET,12,PTR,0,NOERROR,T,F,F,F,0,gabilaptop._dosvc._tcp.local,4500.000000,F
DNS,1761971227.228199,C4qtQi1HwK3SQktZ7f,172.19.80.1,5353,224.0.0.251,5353,udp,0,0.553079,gabilaptop._dosvc._tcp.local,1,C_INTERNET,255,*,0,NOERROR,T,F,F,F,0,gabilaptop.local,120.000000,F
DNS,1761971227.234649,CVQjY218i2qYEIdaF6,fe80::338e:fc2e:e302:73d0,5353,ff02::fb,5353,udp,0,0.553939,gabilaptop._dosvc._tcp.local,1,C_INTERNET,255,*,0,NOERROR,T,F,F,F,0,gabilaptop.local,120.000000,F
CONN,1761971168.755444,CZf3r52dt5cuMu0l1i,172.19.80.1,50098,239.255.255.250,1900,udp,-,3.023872,680,0,S0,T,T,0,D,4,792,0,0,-,17
CONN,1761971226.935178,C4qtQi1HwK3SQktZ7f,172.19.80.1,5353,224.0.0.251,5353,udp,dns,0.846100,1105,0,S0,T,T,0,D,7,1301,0,0,-,17
DNS,1761971227.492030,C4qtQi1HwK3SQktZ7f,172.19.80.1,5353,224.0.0.251,5353,udp,0,-,gabilaptop._dosvc._tcp.local,1,C_INTERNET,255,*,-,-,F,F,F,F,0,-,-,F
DNS,1761971227.498364,CVQjY218i2qYEIdaF6,fe80::338e:fc2e:e302:73d0,5353,ff02::fb,5353,udp,0,-,gabilaptop._dosvc._tcp.local,1,C_INTERNET,255,*,-,-,F,F,F,F,0,-,-,F
CONN,1761971226.948439,CVQjY218i2qYEIdaF6,fe80::338e:fc2e:e302:73d0,5353,ff02::fb,5353,udp,dns,0.840149,1105,0,S0,T,F,0,D,7,1441,0,0,-,17
CONN,1761971248.307533,Cc6F8e4EybcGWoHX3d,172.19.81.73,52236,13.107.5.93,443,tcp,-,-,-,-,OTH,T,F,0,C,0,0,0,0,-,6
CONN,1761971200.786014,CBHreg3VsZHKZFn208,172.19.80.1,138,172.19.95.255,138,udp,-,-,-,-,S0,T,T,0,D,1,229,0,0,-,17
CONN,1761971227.424838,CfFbPa2YUG9ZpVaIge,172.19.80.1,61243,239.255.255.250,1900,udp,-,-,-,-,S0,T,T,0,D,1,153,0,0,-,17
DNS,1761971338.323292,CJGUCW30D4z6YKQ7r,172.19.80.1,5353,224.0.0.251,5353,udp,0,9.478178,wpad.local,1,C_INTERNET,1,A,0,NOERROR,T,F,F,F,0,gabilaptop._dosvc._tcp.local,0.000000,F
DNS,1761971338.331064,CjmDqC1aaowWlT3Qha,fe80::338e:fc2e:e302:73d0,5353,ff02::fb,5353,udp,0,9.482666,wpad.local,1,C_INTERNET,1,A,0,NOERROR,T,F,F,F,0,gabilaptop._dosvc._tcp.local,0.000000,F
DNS,1761971338.339309,CJGUCW30D4z6YKQ7r,172.19.80.1,5353,224.0.0.251,5353,udp,0,10.317956,wpad.local,1,C_INTERNET,28,AAAA,0,NOERROR,T,F,F,F,0,gabilaptop._dosvc._tcp.local,4500.000000,F
DNS,1761971338.353368,CjmDqC1aaowWlT3Qha,fe80::338e:fc2e:e302:73d0,5353,ff02::fb,5353,udp,0,10.312543,wpad.local,1,C_INTERNET,28,AAAA,0,NOERROR,T,F,F,F,0,gabilaptop._dosvc._tcp.local,4500.000000,F
DNS,1761971338.363435,CJGUCW30D4z6YKQ7r,172.19.80.1,5353,224.0.0.251,5353,udp,0,10.308062,wpad.local,1,C_INTERNET,1,A,0,NOERROR,T,F,F,F,0,gabilaptop.local,120.000000,F
DNS,1761971338.374923,CjmDqC1aaowWlT3Qha,fe80::338e:fc2e:e302:73d0,5353,ff02::fb,5353,udp,0,10.304626,wpad.local,1,C_INTERNET,1,A,0,NOERROR,T,F,F,F,0,gabilaptop.local,120.000000,F
CONN,1761971288.771412,C6p1Fu34ebkC5VAtMj,172.19.80.1,52961,239.255.255.250,1900,udp,-,3.021656,680,0,S0,T,T,0,D,4,792,0,0,-,17
CONN,1761971338.323292,CJGUCW30D4z6YKQ7r,172.19.80.1,5353,224.0.0.251,5353,udp,dns,10.348205,1329,0,S0,T,T,0,D,15,1749,0,0,-,17
CONN,1761971338.331064,CjmDqC1aaowWlT3Qha,fe80::338e:fc2e:e302:73d0,5353,ff02::fb,5353,udp,dns,10.348485,1329,0,S0,T,F,0,D,15,2049,0,0,-,17
DNS,1761971338.384548,CJGUCW30D4z6YKQ7r,172.19.80.1,5353,224.0.0.251,5353,udp,0,-,wpad.local,1,C_INTERNET,28,AAAA,-,-,F,F,F,F,0,-,-,F
DNS,1761971338.744996,CJGUCW30D4z6YKQ7r,172.19.80.1,5353,224.0.0.251,5353,udp,0,-,wpad.local,1,C_INTERNET,1,A,-,-,F,F,F,F,0,-,-,F
DNS,1761971338.775529,CJGUCW30D4z6YKQ7r,172.19.80.1,5353,224.0.0.251,5353,udp,0,-,wpad.local,32769,qclass-32769,28,AAAA,-,-,F,F,F,F,0,-,-,F
DNS,1761971338.796455,CJGUCW30D4z6YKQ7r,172.19.80.1,5353,224.0.0.251,5353,udp,0,-,wpad.local,1,C_INTERNET,1,A,-,-,F,F,F,F,0,-,-,F
DNS,1761971338.827474,CJGUCW30D4z6YKQ7r,172.19.80.1,5353,224.0.0.251,5353,udp,0,-,wpad.local,32769,qclass-32769,28,AAAA,-,-,F,F,F,F,0,-,-,F
DNS,1761971347.119591,CJGUCW30D4z6YKQ7r,172.19.80.1,5353,224.0.0.251,5353,udp,0,-,_spotify-connect._tcp.local,1,C_INTERNET,12,PTR,-,-,F,F,F,F,0,-,-,F
DNS,1761971347.822198,CJGUCW30D4z6YKQ7r,172.19.80.1,5353,224.0.0.251,5353,udp,0,-,gabilaptop._dosvc._tcp.local,1,C_INTERNET,255,*,-,-,F,F,F,F,0,-,-,F
DNS,1761971348.095445,CJGUCW30D4z6YKQ7r,172.19.80.1,5353,224.0.0.251,5353,udp,0,-,gabilaptop._dosvc._tcp.local,1,C_INTERNET,255,*,-,-,F,F,F,F,0,-,-,F
DNS,1761971348.375399,CJGUCW30D4z6YKQ7r,172.19.80.1,5353,224.0.0.251,5353,udp,0,-,gabilaptop._dosvc._tcp.local,1,C_INTERNET,255,*,-,-,F,F,F,F,0,-,-,F
DNS,1761971338.396716,CjmDqC1aaowWlT3Qha,fe80::338e:fc2e:e302:73d0,5353,ff02::fb,5353,udp,0,-,wpad.local,1,C_INTERNET,28,AAAA,-,-,F,F,F,F,0,-,-,F
DNS,1761971338.748343,CjmDqC1aaowWlT3Qha,fe80::338e:fc2e:e302:73d0,5353,ff02::fb,5353,udp,0,-,wpad.local,1,C_INTERNET,1,A,-,-,F,F,F,F,0,-,-,F
DNS,1761971338.778538,CjmDqC1aaowWlT3Qha,fe80::338e:fc2e:e302:73d0,5353,ff02::fb,5353,udp,0,-,wpad.local,32769,qclass-32769,28,AAAA,-,-,F,F,F,F,0,-,-,F
DNS,1761971338.799381,CjmDqC1aaowWlT3Qha,fe80::338e:fc2e:e302:73d0,5353,ff02::fb,5353,udp,0,-,wpad.local,1,C_INTERNET,1,A,-,-,F,F,F,F,0,-,-,F
DNS,1761971338.830440,CjmDqC1aaowWlT3Qha,fe80::338e:fc2e:e302:73d0,5353,ff02::fb,5353,udp,0,-,wpad.local,32769,qclass-32769,28,AAAA,-,-,F,F,F,F,0,-,-,F
DNS,1761971347.141436,CjmDqC1aaowWlT3Qha,fe80::338e:fc2e:e302:73d0,5353,ff02::fb,5353,udp,0,-,_spotify-connect._tcp.local,1,C_INTERNET,12,PTR,-,-,F,F,F,F,0,-,-,F
DNS,1761971347.834310,CjmDqC1aaowWlT3Qha,fe80::338e:fc2e:e302:73d0,5353,ff02::fb,5353,udp,0,-,gabilaptop._dosvc._tcp.local,1,C_INTERNET,255,*,-,-,F,F,F,F,0,-,-,F
DNS,1761971348.106620,CjmDqC1aaowWlT3Qha,fe80::338e:fc2e:e302:73d0,5353,ff02::fb,5353,udp,0,-,gabilaptop._dosvc._tcp.local,1,C_INTERNET,255,*,-,-,F,F,F,F,0,-,-,F
DNS,1761971348.386816,CjmDqC1aaowWlT3Qha,fe80::338e:fc2e:e302:73d0,5353,ff02::fb,5353,udp,0,-,gabilaptop._dosvc._tcp.local,1,C_INTERNET,255,*,-,-,F,F,F,F,0,-,-,F
CONN,1761971338.350471,CzpOvt1M2cCcnT5nhi,172.19.80.1,137,172.19.95.255,137,udp,dns,1.505035,150,0,S0,T,T,0,D,3,234,0,0,-,17
DNS,1761971338.350471,CzpOvt1M2cCcnT5nhi,172.19.80.1,137,172.19.95.255,137,udp,45130,-,WPAD,1,C_INTERNET,32,NIMLOC,-,-,F,F,T,F,1,-,-,F
DNS,1761971339.104801,CzpOvt1M2cCcnT5nhi,172.19.80.1,137,172.19.95.255,137,udp,45130,-,WPAD,1,C_INTERNET,32,NIMLOC,-,-,F,F,T,F,1,-,-,F
DNS,1761971339.855506,CzpOvt1M2cCcnT5nhi,172.19.80.1,137,172.19.95.255,137,udp,45130,-,WPAD,1,C_INTERNET,32,NIMLOC,-,-,F,F,T,F,1,-,-,F
CONN,1761971347.431114,CHvp1tc7SddyImhL,172.19.80.1,61243,239.255.255.250,1900,udp,-,-,-,-,S0,T,T,0,D,1,153,0,0,-,17
DNS,1761971467.108415,C2Yr7qPbPP7DpewQg,172.19.80.1,5353,224.0.0.251,5353,udp,0,1.585933,_spotify-connect._tcp.local,1,C_INTERNET,12,PTR,0,NOERROR,T,F,F,F,0,gabilaptop._dosvc._tcp.local,0.000000,F
DNS,1761971467.117744,C1ug7IMXzDfg6K1A5,fe80::338e:fc2e:e302:73d0,5353,ff02::fb,5353,udp,0,1.588844,_spotify-connect._tcp.local,1,C_INTERNET,12,PTR,0,NOERROR,T,F,F,F,0,gabilaptop._dosvc._tcp.local,0.000000,F
DNS,1761971468.715293,C2Yr7qPbPP7DpewQg,172.19.80.1,5353,224.0.0.251,5353,udp,0,0.820596,gabilaptop._dosvc._tcp.local,1,C_INTERNET,255,*,0,NOERROR,T,F,F,F,0,gabilaptop._dosvc._tcp.local,4500.000000,F
DNS,1761971468.727256,C1ug7IMXzDfg6K1A5,fe80::338e:fc2e:e302:73d0,5353,ff02::fb,5353,udp,0,0.821230,gabilaptop._dosvc._tcp.local,1,C_INTERNET,255,*,0,NOERROR,T,F,F,F,0,gabilaptop._dosvc._tcp.local,4500.000000,F
DNS,1761971468.978781,C2Yr7qPbPP7DpewQg,172.19.80.1,5353,224.0.0.251,5353,udp,0,0.578431,gabilaptop._dosvc._tcp.local,1,C_INTERNET,255,*,0,NOERROR,T,F,F,F,0,gabilaptop.local,120.000000,F
DNS,1761971468.985507,C1ug7IMXzDfg6K1A5,fe80::338e:fc2e:e302:73d0,5353,ff02::fb,5353,udp,0,0.582634,gabilaptop._dosvc._tcp.local,1,C_INTERNET,255,*,0,NOERROR,T,F,F,F,0,gabilaptop.local,120.000000,F
CONN,1761971408.771084,CrXFhZ21gzjUvYmWe1,172.19.80.1,64485,239.255.255.250,1900,udp,-,3.015190,680,0,S0,T,T,0,D,4,792,0,0,-,17
CONN,1761971467.108415,C2Yr7qPbPP7DpewQg,172.19.80.1,5353,224.0.0.251,5353,udp,dns,2.448797,1105,0,S0,T,T,0,D,7,1301,0,0,-,17
CONN,1761971467.117744,C1ug7IMXzDfg6K1A5,fe80::338e:fc2e:e302:73d0,5353,ff02::fb,5353,udp,dns,2.450397,1105,0,S0,T,F,0,D,7,1441,0,0,-,17
DNS,1761971469.260442,C2Yr7qPbPP7DpewQg,172.19.80.1,5353,224.0.0.251,5353,udp,0,-,gabilaptop._dosvc._tcp.local,1,C_INTERNET,255,*,-,-,F,F,F,F,0,-,-,F
DNS,1761971469.271888,C1ug7IMXzDfg6K1A5,fe80::338e:fc2e:e302:73d0,5353,ff02::fb,5353,udp,0,-,gabilaptop._dosvc._tcp.local,1,C_INTERNET,255,*,-,-,F,F,F,F,0,-,-,F
CONN,1761971467.433473,CC5knfMuQOHTEZes6,172.19.80.1,61243,239.255.255.250,1900,udp,-,-,-,-,S0,T,T,0,D,1,153,0,0,-,17
CONN,1761971248.345342,CtSlM84HjeIX2S7r9,172.19.81.73,52236,13.107.5.93,443,tcp,-,4.208271,0,6581,SHR,T,F,0,^hCadcfA,1,40,12,3293,-,6
DNS,1761971587.104761,CByq6k29eqXFgaVaY8,172.19.80.1,5353,224.0.0.251,5353,udp,0,2.476439,_spotify-connect._tcp.local,1,C_INTERNET,12,PTR,0,NOERROR,T,F,F,F,0,gabilaptop._dosvc._tcp.local,0.000000,F
DNS,1761971587.112915,CIcxvA4ilM7S99jfD9,fe80::338e:fc2e:e302:73d0,5353,ff02::fb,5353,udp,0,2.480987,_spotify-connect._tcp.local,1,C_INTERNET,12,PTR,0,NOERROR,T,F,F,F,0,gabilaptop._dosvc._tcp.local,0.000000,F
DNS,1761971589.603915,CByq6k29eqXFgaVaY8,172.19.80.1,5353,224.0.0.251,5353,udp,0,0.804087,gabilaptop._dosvc._tcp.local,1,C_INTERNET,255,*,0,NOERROR,T,F,F,F,0,gabilaptop._dosvc._tcp.local,4500.000000,F
DNS,1761971589.616496,CIcxvA4ilM7S99jfD9,fe80::338e:fc2e:e302:73d0,5353,ff02::fb,5353,udp,0,0.796601,gabilaptop._dosvc._tcp.local,1,C_INTERNET,255,*,0,NOERROR,T,F,F,F,0,gabilaptop._dosvc._tcp.local,4500.000000,F
DNS,1761971589.872561,CByq6k29eqXFgaVaY8,172.19.80.1,5353,224.0.0.251,5353,udp,0,0.544974,gabilaptop._dosvc._tcp.local,1,C_INTERNET,255,*,0,NOERROR,T,F,F,F,0,gabilaptop.local,120.000000,F
DNS,1761971589.885512,CIcxvA4ilM7S99jfD9,fe80::338e:fc2e:e302:73d0,5353,ff02::fb,5353,udp,0,0.538805,gabilaptop._dosvc._tcp.local,1,C_INTERNET,255,*,0,NOERROR,T,F,F,F,0,gabilaptop.local,120.000000,F
CONN,1761971528.774812,CuowXe3XaL2o3HhIFb,172.19.80.1,51201,239.255.255.250,1900,udp,-,3.009144,680,0,S0,T,T,0,D,4,792,0,0,-,17
DNS,1761971590.141859,CByq6k29eqXFgaVaY8,172.19.80.1,5353,224.0.0.251,5353,udp,0,-,gabilaptop._dosvc._tcp.local,1,C_INTERNET,255,*,-,-,F,F,F,F,0,-,-,F
DNS,1761971590.146780,CIcxvA4ilM7S99jfD9,fe80::338e:fc2e:e302:73d0,5353,ff02::fb,5353,udp,0,-,gabilaptop._dosvc._tcp.local,1,C_INTERNET,255,*,-,-,F,F,F,F,0,-,-,F
CONN,1761971587.104761,CByq6k29eqXFgaVaY8,172.19.80.1,5353,224.0.0.251,5353,udp,dns,3.312774,1105,0,S0,T,T,0,D,7,1301,0,0,-,17
CONN,1761971587.112915,CIcxvA4ilM7S99jfD9,fe80::338e:fc2e:e302:73d0,5353,ff02::fb,5353,udp,dns,3.311402,1105,0,S0,T,F,0,D,7,1441,0,0,-,17
CONN,1761971587.443590,C6kNRzsMwcJJ8PhA8,172.19.80.1,61243,239.255.255.250,1900,udp,-,-,-,-,S0,T,T,0,D,1,153,0,0,-,17
DNS,1761971707.108970,CwsTDr4WYwnaknybDi,172.19.80.1,5353,224.0.0.251,5353,udp,0,3.326911,_spotify-connect._tcp.local,1,C_INTERNET,12,PTR,0,NOERROR,T,F,F,F,0,gabilaptop._dosvc._tcp.local,0.000000,F
DNS,1761971707.128286,CXlT8O2zSLCwIsB0Sk,fe80::338e:fc2e:e302:73d0,5353,ff02::fb,5353,udp,0,3.313313,_spotify-connect._tcp.local,1,C_INTERNET,12,PTR,0,NOERROR,T,F,F,F,0,gabilaptop._dosvc._tcp.local,0.000000,F
DNS,1761971710.445124,CwsTDr4WYwnaknybDi,172.19.80.1,5353,224.0.0.251,5353,udp,0,0.810781,gabilaptop._dosvc._tcp.local,1,C_INTERNET,255,*,0,NOERROR,T,F,F,F,0,gabilaptop._dosvc._tcp.local,4500.000000,F
DNS,1761971710.451723,CXlT8O2zSLCwIsB0Sk,fe80::338e:fc2e:e302:73d0,5353,ff02::fb,5353,udp,0,0.816466,gabilaptop._dosvc._tcp.local,1,C_INTERNET,255,*,0,NOERROR,T,F,F,F,0,gabilaptop._dosvc._tcp.local,4500.000000,F
DNS,1761971710.711926,CwsTDr4WYwnaknybDi,172.19.80.1,5353,224.0.0.251,5353,udp,0,0.564116,gabilaptop._dosvc._tcp.local,1,C_INTERNET,255,*,0,NOERROR,T,F,F,F,0,gabilaptop.local,120.000000,F
CONN,1761971648.788674,CWyXO14QdXKfpxlE2j,172.19.80.1,65051,239.255.255.250,1900,udp,-,3.025740,680,0,S0,T,T,0,D,4,792,0,0,-,17
DNS,1761971710.716297,CXlT8O2zSLCwIsB0Sk,fe80::338e:fc2e:e302:73d0,5353,ff02::fb,5353,udp,0,0.572517,gabilaptop._dosvc._tcp.local,1,C_INTERNET,255,*,0,NOERROR,T,F,F,F,0,gabilaptop.local,120.000000,F
DNS,1761971710.977175,CwsTDr4WYwnaknybDi,172.19.80.1,5353,224.0.0.251,5353,udp,0,-,gabilaptop._dosvc._tcp.local,1,C_INTERNET,255,*,-,-,F,F,F,F,0,-,-,F
CONN,1761971707.108970,CwsTDr4WYwnaknybDi,172.19.80.1,5353,224.0.0.251,5353,udp,dns,4.167072,1105,0,S0,T,T,0,D,7,1301,0,0,-,17
CONN,1761971707.128286,CXlT8O2zSLCwIsB0Sk,fe80::338e:fc2e:e302:73d0,5353,ff02::fb,5353,udp,dns,4.160528,1105,0,S0,T,F,0,D,7,1441,0,0,-,17
DNS,1761971710.988559,CXlT8O2zSLCwIsB0Sk,fe80::338e:fc2e:e302:73d0,5353,ff02::fb,5353,udp,0,-,gabilaptop._dosvc._tcp.local,1,C_INTERNET,255,*,-,-,F,F,F,F,0,-,-,F
CONN,1761971707.449390,C4kjmW3b4pUMhK7B2f,172.19.80.1,61243,239.255.255.250,1900,udp,-,-,-,-,S0,T,T,0,D,1,153,0,0,-,17
DNS,1761971785.389330,CWkUitXAfG0xkTxJf,172.19.80.1,5353,224.0.0.251,5353,udp,0,-,_spotify-social-listening._tcp.local,32769,qclass-32769,12,PTR,-,-,F,F,F,F,0,-,-,F
DNS,1761971785.397378,Cl8xsq1IBFUEIMTdE7,fe80::338e:fc2e:e302:73d0,5353,ff02::fb,5353,udp,0,-,_spotify-social-listening._tcp.local,32769,qclass-32769,12,PTR,-,-,F,F,F,F,0,-,-,F
CONN,1761971785.389330,CWkUitXAfG0xkTxJf,172.19.80.1,5353,224.0.0.251,5353,udp,dns,-,-,-,S0,T,T,0,D,1,82,0,0,-,17
CONN,1761971785.397378,Cl8xsq1IBFUEIMTdE7,fe80::338e:fc2e:e302:73d0,5353,ff02::fb,5353,udp,dns,-,-,-,S0,T,F,0,D,1,102,0,0,-,17
DNS,1761971827.103511,CM48Jf1IxEk2La796g,172.19.80.1,5353,224.0.0.251,5353,udp,0,4.215098,_spotify-connect._tcp.local,1,C_INTERNET,12,PTR,0,NOERROR,T,F,F,F,0,gabilaptop._dosvc._tcp.local,0.000000,F
DNS,1761971827.111104,CT5Cv74V2IM9eHyNJb,fe80::338e:fc2e:e302:73d0,5353,ff02::fb,5353,udp,0,4.218910,_spotify-connect._tcp.local,1,C_INTERNET,12,PTR,0,NOERROR,T,F,F,F,0,gabilaptop._dosvc._tcp.local,0.000000,F
DNS,1761971831.339745,CM48Jf1IxEk2La796g,172.19.80.1,5353,224.0.0.251,5353,udp,0,0.811956,gabilaptop._dosvc._tcp.local,1,C_INTERNET,255,*,0,NOERROR,T,F,F,F,0,gabilaptop._dosvc._tcp.local,4500.000000,F
CONN,1761971768.789793,C3ZcQc3SwTAQe9A3pc,172.19.80.1,50989,239.255.255.250,1900,udp,-,3.027434,680,0,S0,T,T,0,D,4,792,0,0,-,17
DNS,1761971831.351551,CT5Cv74V2IM9eHyNJb,fe80::338e:fc2e:e302:73d0,5353,ff02::fb,5353,udp,0,0.812181,gabilaptop._dosvc._tcp.local,1,C_INTERNET,255,*,0,NOERROR,T,F,F,F,0,gabilaptop._dosvc._tcp.local,4500.000000,F
DNS,1761971831.617781,CM48Jf1IxEk2La796g,172.19.80.1,5353,224.0.0.251,5353,udp,0,0.555255,gabilaptop._dosvc._tcp.local,1,C_INTERNET,255,*,0,NOERROR,T,F,F,F,0,gabilaptop.local,120.000000,F
DNS,1761971831.622082,CT5Cv74V2IM9eHyNJb,fe80::338e:fc2e:e302:73d0,5353,ff02::fb,5353,udp,0,0.563703,gabilaptop._dosvc._tcp.local,1,C_INTERNET,255,*,0,NOERROR,T,F,F,F,0,gabilaptop.local,120.000000,F
DNS,1761971831.879014,CM48Jf1IxEk2La796g,172.19.80.1,5353,224.0.0.251,5353,udp,0,-,gabilaptop._dosvc._tcp.local,1,C_INTERNET,255,*,-,-,F,F,F,F,0,-,-,F
DNS,1761971831.885851,CT5Cv74V2IM9eHyNJb,fe80::338e:fc2e:e302:73d0,5353,ff02::fb,5353,udp,0,-,gabilaptop._dosvc._tcp.local,1,C_INTERNET,255,*,-,-,F,F,F,F,0,-,-,F
CONN,1761971827.103511,CM48Jf1IxEk2La796g,172.19.80.1,5353,224.0.0.251,5353,udp,dns,5.069525,1105,0,S0,T,T,0,D,7,1301,0,0,-,17
CONN,1761971827.111104,CT5Cv74V2IM9eHyNJb,fe80::338e:fc2e:e302:73d0,5353,ff02::fb,5353,udp,dns,5.074681,1105,0,S0,T,F,0,D,7,1441,0,0,-,17
CONN,1761971827.453983,C0kF4p3vzQJhWRz166,172.19.80.1,61243,239.255.255.250,1900,udp,-,-,-,-,S0,T,T,0,D,1,153,0,0,-,17
CONN,1761971888.787676,CifecCtyznvgKlZd9,172.19.80.1,53334,239.255.255.250,1900,udp,-,3.020133,680,0,S0,T,T,0,D,4,792,0,0,-,17
DNS,1761971941.053807,CL27jx27RuCawel1Ze,172.19.80.1,5353,224.0.0.251,5353,udp,0,11.145482,wpad.local,1,C_INTERNET,1,A,0,NOERROR,T,F,F,F,0,gabilaptop._dosvc._tcp.local,0.000000,F
DNS,1761971941.057086,CuZV3c33PB3AqemrX,fe80::338e:fc2e:e302:73d0,5353,ff02::fb,5353,udp,0,11.154816,wpad.local,1,C_INTERNET,1,A,0,NOERROR,T,F,F,F,0,gabilaptop._dosvc._tcp.local,0.000000,F
DNS,1761971941.064694,CL27jx27RuCawel1Ze,172.19.80.1,5353,224.0.0.251,5353,udp,0,11.990923,wpad.local,1,C_INTERNET,1,A,0,NOERROR,T,F,F,F,0,gabilaptop._dosvc._tcp.local,4500.000000,F
DNS,1761971941.068471,CuZV3c33PB3AqemrX,fe80::338e:fc2e:e302:73d0,5353,ff02::fb,5353,udp,0,11.999745,wpad.local,1,C_INTERNET,1,A,0,NOERROR,T,F,F,F,0,gabilaptop._dosvc._tcp.local,4500.000000,F
DNS,1761971941.070764,CL27jx27RuCawel1Ze,172.19.80.1,5353,224.0.0.251,5353,udp,0,12.006903,wpad.local,1,C_INTERNET,28,AAAA,0,NOERROR,T,F,F,F,0,gabilaptop.local,120.000000,F
DNS,1761971941.073859,CuZV3c33PB3AqemrX,fe80::338e:fc2e:e302:73d0,5353,ff02::fb,5353,udp,0,12.015920,wpad.local,1,C_INTERNET,28,AAAA,0,NOERROR,T,F,F,F,0,gabilaptop.local,120.000000,F
CONN,1761971941.093584,CY2hEXrU7ZcnOHmeg,172.19.80.1,137,172.19.95.255,137,udp,dns,1.505065,150,0,S0,T,T,0,D,3,234,0,0,-,17
DNS,1761971941.093584,CY2hEXrU7ZcnOHmeg,172.19.80.1,137,172.19.95.255,137,udp,45141,-,WPAD,1,C_INTERNET,32,NIMLOC,-,-,F,F,T,F,1,-,-,F
DNS,1761971941.843021,CY2hEXrU7ZcnOHmeg,172.19.80.1,137,172.19.95.255,137,udp,45141,-,WPAD,1,C_INTERNET,32,NIMLOC,-,-,F,F,T,F,1,-,-,F
DNS,1761971942.598649,CY2hEXrU7ZcnOHmeg,172.19.80.1,137,172.19.95.255,137,udp,45141,-,WPAD,1,C_INTERNET,32,NIMLOC,-,-,F,F,T,F,1,-,-,F
CONN,1761971941.053807,CL27jx27RuCawel1Ze,172.19.80.1,5353,224.0.0.251,5353,udp,dns,12.023860,1329,0,S0,T,T,0,D,15,1749,0,0,-,17
CONN,1761971941.057086,CuZV3c33PB3AqemrX,fe80::338e:fc2e:e302:73d0,5353,ff02::fb,5353,udp,dns,12.032693,1329,0,S0,T,F,0,D,15,2049,0,0,-,17
DNS,1761971941.084053,CL27jx27RuCawel1Ze,172.19.80.1,5353,224.0.0.251,5353,udp,0,-,wpad.local,1,C_INTERNET,28,AAAA,-,-,F,F,F,F,0,-,-,F
DNS,1761971941.472748,CL27jx27RuCawel1Ze,172.19.80.1,5353,224.0.0.251,5353,udp,0,-,wpad.local,1,C_INTERNET,1,A,-,-,F,F,F,F,0,-,-,F
DNS,1761971941.482984,CL27jx27RuCawel1Ze,172.19.80.1,5353,224.0.0.251,5353,udp,0,-,wpad.local,1,C_INTERNET,1,A,-,-,F,F,F,F,0,-,-,F
DNS,1761971941.493440,CL27jx27RuCawel1Ze,172.19.80.1,5353,224.0.0.251,5353,udp,0,-,wpad.local,32769,qclass-32769,28,AAAA,-,-,F,F,F,F,0,-,-,F
DNS,1761971941.503743,CL27jx27RuCawel1Ze,172.19.80.1,5353,224.0.0.251,5353,udp,0,-,wpad.local,32769,qclass-32769,28,AAAA,-,-,F,F,F,F,0,-,-,F
DNS,1761971947.103172,CL27jx27RuCawel1Ze,172.19.80.1,5353,224.0.0.251,5353,udp,0,-,_spotify-connect._tcp.local,1,C_INTERNET,12,PTR,-,-,F,F,F,F,0,-,-,F
DNS,1761971952.221300,CL27jx27RuCawel1Ze,172.19.80.1,5353,224.0.0.251,5353,udp,0,-,gabilaptop._dosvc._tcp.local,1,C_INTERNET,255,*,-,-,F,F,F,F,0,-,-,F
DNS,1761971952.499605,CL27jx27RuCawel1Ze,172.19.80.1,5353,224.0.0.251,5353,udp,0,-,gabilaptop._dosvc._tcp.local,1,C_INTERNET,255,*,-,-,F,F,F,F,0,-,-,F
DNS,1761971952.781995,CL27jx27RuCawel1Ze,172.19.80.1,5353,224.0.0.251,5353,udp,0,-,gabilaptop._dosvc._tcp.local,1,C_INTERNET,255,*,-,-,F,F,F,F,0,-,-,F
DNS,1761971941.086919,CuZV3c33PB3AqemrX,fe80::338e:fc2e:e302:73d0,5353,ff02::fb,5353,udp,0,-,wpad.local,1,C_INTERNET,28,AAAA,-,-,F,F,F,F,0,-,-,F
DNS,1761971941.475700,CuZV3c33PB3AqemrX,fe80::338e:fc2e:e302:73d0,5353,ff02::fb,5353,udp,0,-,wpad.local,1,C_INTERNET,1,A,-,-,F,F,F,F,0,-,-,F
DNS,1761971941.486885,CuZV3c33PB3AqemrX,fe80::338e:fc2e:e302:73d0,5353,ff02::fb,5353,udp,0,-,wpad.local,1,C_INTERNET,1,A,-,-,F,F,F,F,0,-,-,F
DNS,1761971941.496262,CuZV3c33PB3AqemrX,fe80::338e:fc2e:e302:73d0,5353,ff02::fb,5353,udp,0,-,wpad.local,32769,qclass-32769,28,AAAA,-,-,F,F,F,F,0,-,-,F
DNS,1761971941.506675,CuZV3c33PB3AqemrX,fe80::338e:fc2e:e302:73d0,5353,ff02::fb,5353,udp,0,-,wpad.local,32769,qclass-32769,28,AAAA,-,-,F,F,F,F,0,-,-,F
DNS,1761971947.112467,CuZV3c33PB3AqemrX,fe80::338e:fc2e:e302:73d0,5353,ff02::fb,5353,udp,0,-,_spotify-connect._tcp.local,1,C_INTERNET,12,PTR,-,-,F,F,F,F,0,-,-,F
DNS,1761971952.233136,CuZV3c33PB3AqemrX,fe80::338e:fc2e:e302:73d0,5353,ff02::fb,5353,udp,0,-,gabilaptop._dosvc._tcp.local,1,C_INTERNET,255,*,-,-,F,F,F,F,0,-,-,F
DNS,1761971952.512655,CuZV3c33PB3AqemrX,fe80::338e:fc2e:e302:73d0,5353,ff02::fb,5353,udp,0,-,gabilaptop._dosvc._tcp.local,1,C_INTERNET,255,*,-,-,F,F,F,F,0,-,-,F
DNS,1761971952.795309,CuZV3c33PB3AqemrX,fe80::338e:fc2e:e302:73d0,5353,ff02::fb,5353,udp,0,-,gabilaptop._dosvc._tcp.local,1,C_INTERNET,255,*,-,-,F,F,F,F,0,-,-,F
CONN,1761971921.884236,CV6vHL1W2hgu7IxQJc,172.19.80.1,138,172.19.95.255,138,udp,-,-,-,-,S0,T,T,0,D,1,229,0,0,-,17
CONN,1761971947.454854,CMUWe82qxlWBWJqBu1,172.19.80.1,61243,239.255.255.250,1900,udp,-,-,-,-,S0,T,T,0,D,1,153,0,0,-,17
CONN,1761972008.793391,C4bJr74hG5TEH1xlW7,172.19.80.1,65217,239.255.255.250,1900,udp,-,3.014753,680,0,S0,T,T,0,D,4,792,0,0,-,17
DNS,1761972067.117175,CZm1Xy1HNQS6YWuSu2,172.19.80.1,5353,224.0.0.251,5353,udp,0,5.981544,_spotify-connect._tcp.local,1,C_INTERNET,12,PTR,0,NOERROR,T,F,F,F,0,gabilaptop._dosvc._tcp.local,0.000000,F
DNS,1761972067.134919,CCf6mq3DfJeDN8zZBa,fe80::338e:fc2e:e302:73d0,5353,ff02::fb,5353,udp,0,5.975599,_spotify-connect._tcp.local,1,C_INTERNET,12,PTR,0,NOERROR,T,F,F,F,0,gabilaptop._dosvc._tcp.local,0.000000,F
DNS,1761972073.114264,CZm1Xy1HNQS6YWuSu2,172.19.80.1,5353,224.0.0.251,5353,udp,0,0.784377,gabilaptop._dosvc._tcp.local,1,C_INTERNET,255,*,0,NOERROR,T,F,F,F,0,gabilaptop._dosvc._tcp.local,4500.000000,F
DNS,1761972073.117306,CCf6mq3DfJeDN8zZBa,fe80::338e:fc2e:e302:73d0,5353,ff02::fb,5353,udp,0,0.794792,gabilaptop._dosvc._tcp.local,1,C_INTERNET,255,*,0,NOERROR,T,F,F,F,0,gabilaptop._dosvc._tcp.local,4500.000000,F
DNS,1761972073.370847,CZm1Xy1HNQS6YWuSu2,172.19.80.1,5353,224.0.0.251,5353,udp,0,0.550722,gabilaptop._dosvc._tcp.local,1,C_INTERNET,255,*,0,NOERROR,T,F,F,F,0,gabilaptop.local,120.000000,F
DNS,1761972073.375962,CCf6mq3DfJeDN8zZBa,fe80::338e:fc2e:e302:73d0,5353,ff02::fb,5353,udp,0,0.557560,gabilaptop._dosvc._tcp.local,1,C_INTERNET,255,*,0,NOERROR,T,F,F,F,0,gabilaptop.local,120.000000,F
CONN,1761972067.117175,CZm1Xy1HNQS6YWuSu2,172.19.80.1,5353,224.0.0.251,5353,udp,dns,6.804394,1105,0,S0,T,T,0,D,7,1301,0,0,-,17
CONN,1761972067.134919,CCf6mq3DfJeDN8zZBa,fe80::338e:fc2e:e302:73d0,5353,ff02::fb,5353,udp,dns,6.798603,1105,0,S0,T,F,0,D,7,1441,0,0,-,17
DNS,1761972073.629663,CZm1Xy1HNQS6YWuSu2,172.19.80.1,5353,224.0.0.251,5353,udp,0,-,gabilaptop._dosvc._tcp.local,1,C_INTERNET,255,*,-,-,F,F,F,F,0,-,-,F
DNS,1761972073.632753,CCf6mq3DfJeDN8zZBa,fe80::338e:fc2e:e302:73d0,5353,ff02::fb,5353,udp,0,-,gabilaptop._dosvc._tcp.local,1,C_INTERNET,255,*,-,-,F,F,F,F,0,-,-,F
CONN,1761972067.459742,CbZANB11zIn8Hzi0G3,172.19.80.1,61243,239.255.255.250,1900,udp,-,-,-,-,S0,T,T,0,D,1,153,0,0,-,17
CONN,1761972128.809756,C8omDE2X5DLtZpC1ne,172.19.80.1,50904,239.255.255.250,1900,udp,-,3.011696,680,0,S0,T,T,0,D,4,792,0,0,-,17
DNS,1761972187.098798,CADGUB4uNbwkFNJcl9,172.19.80.1,5353,224.0.0.251,5353,udp,0,6.846483,_spotify-connect._tcp.local,1,C_INTERNET,12,PTR,0,NOERROR,T,F,F,F,0,gabilaptop._dosvc._tcp.local,0.000000,F
DNS,1761972187.111773,Co9fH14h6fuSUkpfSe,fe80::338e:fc2e:e302:73d0,5353,ff02::fb,5353,udp,0,6.848900,_spotify-connect._tcp.local,1,C_INTERNET,12,PTR,0,NOERROR,T,F,F,F,0,gabilaptop._dosvc._tcp.local,0.000000,F
DNS,1761972193.971447,CADGUB4uNbwkFNJcl9,172.19.80.1,5353,224.0.0.251,5353,udp,0,0.817937,gabilaptop._dosvc._tcp.local,1,C_INTERNET,255,*,0,NOERROR,T,F,F,F,0,gabilaptop._dosvc._tcp.local,4500.000000,F
DNS,1761972193.983125,Co9fH14h6fuSUkpfSe,fe80::338e:fc2e:e302:73d0,5353,ff02::fb,5353,udp,0,0.819093,gabilaptop._dosvc._tcp.local,1,C_INTERNET,255,*,0,NOERROR,T,F,F,F,0,gabilaptop._dosvc._tcp.local,4500.000000,F
DNS,1761972194.241619,CADGUB4uNbwkFNJcl9,172.19.80.1,5353,224.0.0.251,5353,udp,0,0.570349,gabilaptop._dosvc._tcp.local,1,C_INTERNET,255,*,0,NOERROR,T,F,F,F,0,gabilaptop.local,120.000000,F
DNS,1761972194.250622,Co9fH14h6fuSUkpfSe,fe80::338e:fc2e:e302:73d0,5353,ff02::fb,5353,udp,0,0.574388,gabilaptop._dosvc._tcp.local,1,C_INTERNET,255,*,0,NOERROR,T,F,F,F,0,gabilaptop.local,120.000000,F
DNS,1761972194.511148,CADGUB4uNbwkFNJcl9,172.19.80.1,5353,224.0.0.251,5353,udp,0,-,gabilaptop._dosvc._tcp.local,1,C_INTERNET,255,*,-,-,F,F,F,F,0,-,-,F
CONN,1761972187.098798,CADGUB4uNbwkFNJcl9,172.19.80.1,5353,224.0.0.251,5353,udp,dns,7.713170,1105,0,S0,T,T,0,D,7,1301,0,0,-,17
CONN,1761972187.111773,Co9fH14h6fuSUkpfSe,fe80::338e:fc2e:e302:73d0,5353,ff02::fb,5353,udp,dns,7.713237,1105,0,S0,T,F,0,D,7,1441,0,0,-,17
DNS,1761972194.523660,Co9fH14h6fuSUkpfSe,fe80::338e:fc2e:e302:73d0,5353,ff02::fb,5353,udp,0,-,gabilaptop._dosvc._tcp.local,1,C_INTERNET,255,*,-,-,F,F,F,F,0,-,-,F
CONN,1761972187.469921,CDUzhf3JaDUe7yq6R6,172.19.80.1,61243,239.255.255.250,1900,udp,-,-,-,-,S0,T,T,0,D,1,153,0,0,-,17
CONN,1761972248.810578,Cd3wD34jVOpSF0kNu4,172.19.80.1,51026,239.255.255.250,1900,udp,-,3.025957,680,0,S0,T,T,0,D,4,792,0,0,-,17
DNS,1761972307.098108,CVkVhM2VjOMRgg5oh9,172.19.80.1,5353,224.0.0.251,5353,udp,0,7.737932,_spotify-connect._tcp.local,1,C_INTERNET,12,PTR,0,NOERROR,T,F,F,F,0,gabilaptop._dosvc._tcp.local,0.000000,F
DNS,1761972307.117309,CImDHY3cT4jVpt7y1,fe80::338e:fc2e:e302:73d0,5353,ff02::fb,5353,udp,0,7.725802,_spotify-connect._tcp.local,1,C_INTERNET,12,PTR,0,NOERROR,T,F,F,F,0,gabilaptop._dosvc._tcp.local,0.000000,F
DNS,1761972314.847635,CVkVhM2VjOMRgg5oh9,172.19.80.1,5353,224.0.0.251,5353,udp,0,0.806539,gabilaptop._dosvc._tcp.local,1,C_INTERNET,255,*,0,NOERROR,T,F,F,F,0,gabilaptop._dosvc._tcp.local,4500.000000,F
DNS,1761972314.852634,CImDHY3cT4jVpt7y1,fe80::338e:fc2e:e302:73d0,5353,ff02::fb,5353,udp,0,0.805910,gabilaptop._dosvc._tcp.local,1,C_INTERNET,255,*,0,NOERROR,T,F,F,F,0,gabilaptop._dosvc._tcp.local,4500.000000,F
DNS,1761972315.111830,CVkVhM2VjOMRgg5oh9,172.19.80.1,5353,224.0.0.251,5353,udp,0,0.551183,gabilaptop._dosvc._tcp.local,1,C_INTERNET,255,*,0,NOERROR,T,F,F,F,0,gabilaptop.local,120.000000,F
DNS,1761972315.124326,CImDHY3cT4jVpt7y1,fe80::338e:fc2e:e302:73d0,5353,ff02::fb,5353,udp,0,0.543560,gabilaptop._dosvc._tcp.local,1,C_INTERNET,255,*,0,NOERROR,T,F,F,F,0,gabilaptop.local,120.000000,F
